{"cameraMode":{"drawMode":0,"name":"Shaded","section":"Shading Mode"},"sceneLighting":true,"audioPlay":false,"sceneViewState":{"m_AlwaysRefresh":false,"showFog":true,"showSkybox":true,"showFlares":true,"showImageEffects":true,"showParticleSystems":true,"showVisualEffectGraphs":true,"m_FxEnabled":true},"in2DMode":false,"pivot":{"x":-0.9491701126098633,"y":2.3189120292663576,"z":-2.9400205612182619},"rotation":{"x":0.11822321265935898,"y":-0.07143522799015045,"z":0.008527054451406002,"w":0.9903777241706848},"size":1.2836158275604249,"orthographic":false}