{"cameraMode":{"drawMode":0,"name":"Shaded","section":"Shading Mode"},"sceneLighting":true,"audioPlay":false,"sceneViewState":{"m_AlwaysRefresh":false,"showFog":true,"showSkybox":true,"showFlares":true,"showImageEffects":true,"showParticleSystems":true,"showVisualEffectGraphs":true,"m_FxEnabled":true},"in2DMode":false,"pivot":{"x":-1.2856210470199586,"y":1.0421133041381837,"z":1.1741578578948975},"rotation":{"x":0.4607279896736145,"y":0.1157827228307724,"z":-0.06075668707489967,"w":0.8778703808784485},"size":7.679330825805664,"orthographic":false}