{"cameraMode":{"drawMode":0,"name":"Shaded","section":"Shading Mode"},"sceneLighting":true,"audioPlay":false,"sceneViewState":{"m_AlwaysRefresh":false,"showFog":true,"showSkybox":true,"showFlares":true,"showImageEffects":true,"showParticleSystems":true,"showVisualEffectGraphs":true,"m_FxEnabled":true},"in2DMode":false,"pivot":{"x":-7.369058609008789,"y":-4.186704635620117,"z":-18.699996948242189},"rotation":{"x":0.02180328592658043,"y":-0.9776737093925476,"z":0.13070134818553925,"w":0.16309350728988648},"size":16.217517852783204,"orthographic":false}