{"cameraMode":{"drawMode":0,"name":"Shaded","section":"Shading Mode"},"sceneLighting":true,"audioPlay":false,"sceneViewState":{"m_AlwaysRefresh":false,"showFog":true,"showSkybox":true,"showFlares":true,"showImageEffects":true,"showParticleSystems":true,"showVisualEffectGraphs":true,"m_FxEnabled":true},"in2DMode":false,"pivot":{"x":114.81143188476563,"y":58.93978500366211,"z":133.84617614746095},"rotation":{"x":0.14908945560455323,"y":-0.3554931879043579,"z":0.05755164101719856,"w":0.920915424823761},"size":29.218170166015626,"orthographic":true}