{"cameraMode":{"drawMode":0,"name":"Shaded","section":"Shading Mode"},"sceneLighting":true,"audioPlay":false,"sceneViewState":{"m_AlwaysRefresh":false,"showFog":true,"showSkybox":true,"showFlares":true,"showImageEffects":true,"showParticleSystems":true,"showVisualEffectGraphs":true,"m_FxEnabled":true},"in2DMode":false,"pivot":{"x":-0.040297508239746097,"y":0.41999995708465578,"z":0.2799999713897705},"rotation":{"x":-0.030351674184203149,"y":-0.9010366201400757,"z":0.06390905380249024,"w":-0.42793211340904238},"size":9.494921684265137,"orthographic":false}