{"cameraMode":{"drawMode":0,"name":"Shaded","section":"Shading Mode"},"sceneLighting":true,"audioPlay":false,"sceneViewState":{"m_AlwaysRefresh":false,"showFog":true,"showSkybox":true,"showFlares":true,"showImageEffects":true,"showParticleSystems":true,"showVisualEffectGraphs":true,"m_FxEnabled":true},"in2DMode":false,"pivot":{"x":-0.1381687968969345,"y":3.2193050384521486,"z":-0.8211397528648377},"rotation":{"x":-0.16982945799827577,"y":-0.6844746470451355,"z":0.16881601512432099,"w":-0.6885877251625061},"size":1.7879879474639893,"orthographic":false}