{"cameraMode":{"drawMode":0,"name":"Shaded","section":"Shading Mode"},"sceneLighting":true,"audioPlay":false,"sceneViewState":{"m_AlwaysRefresh":false,"showFog":true,"showSkybox":true,"showFlares":true,"showImageEffects":true,"showParticleSystems":true,"showVisualEffectGraphs":true,"m_FxEnabled":true},"in2DMode":false,"pivot":{"x":14.558050155639649,"y":1.5586581230163575,"z":9.995696067810059},"rotation":{"x":-0.5087869167327881,"y":0.03664873540401459,"z":-0.021685287356376649,"w":-0.8598433136940002},"size":3.592522144317627,"orthographic":false}